"Instances","feature_TD","feature_TU","feature_KDN","feature_CL","feature_CLD","feature_DS","feature_DSP"
1,3,5,0,0.951866056697071,0.903732113394142,0.158653846153846,0.80952380952381
2,2,5,0,0.998160596987333,0.996321193974666,1,0.940886699507389
3,2,5,0,0.999484986144075,0.998969972288149,1,0.940886699507389
4,2,6,0,0.999633686522376,0.999267373044753,0.971153846153846,0.951501154734411
5,2,6,0.8,0.0406658945355462,-0.918668210928907,0.00480769230769231,0.0484988452655889
6,2,5,0,0.999030997450471,0.998061994900941,1,0.940886699507389
7,3,5,0.2,0.958091983065855,0.91618396613171,0.0625,0.888888888888889
8,2,5,0,0.999345987431417,0.998691974862835,1,0.940886699507389
9,2,5,0,0.999989472952484,0.999978945904968,1,0.940886699507389
10,2,11,0.6,0.136807309904083,-0.726385380191835,0.00961538461538462,0.0591133004926108
11,2,9,0,0.994936284834804,0.989872569669608,0.120192307692308,0.951501154734411
12,3,5,0,0.870861048408298,0.741722096816596,0.158653846153846,0.80952380952381
13,2,6,0,0.822688918857392,0.645377837714784,0.375,0.940886699507389
14,2,5,0,0.999784621036386,0.999569242072772,1,0.940886699507389
15,2,6,0,0.986332943928489,0.972665887856977,0.375,0.940886699507389
16,2,6,0,0.970816338858088,0.941632677716177,0.375,0.940886699507389
17,2,17,0.2,0.798612775089745,0.59722555017949,0.00961538461538462,0.940886699507389
18,3,8,0,0.996795516941958,0.993591033883916,0.0192307692307692,0.850746268656716
19,2,11,0.6,0.894697415555229,0.789394831110457,0.0192307692307692,0.940886699507389
20,2,9,0.2,0.994556775090441,0.989113550180883,0.0769230769230769,0.951501154734411
21,2,6,0.6,0.96196854937885,0.923937098757701,0.375,0.940886699507389
22,2,5,0,0.994209916853814,0.988419833707629,0.201923076923077,0.940886699507389
23,2,5,0,0.987711694288049,0.975423388576099,0.201923076923077,0.940886699507389
24,2,6,0,0.999977754305647,0.999955508611294,0.971153846153846,0.951501154734411
25,2,6,0,0.981675465184616,0.963350930369231,0.375,0.940886699507389
26,2,6,0.2,0.996095694508488,0.992191389016976,0.971153846153846,0.951501154734411
27,2,8,0,0.998151323500358,0.996302647000716,0.278846153846154,0.951501154734411
28,2,5,0,0.990089243007493,0.980178486014986,1,0.940886699507389
29,2,6,0,0.999930722734261,0.999861445468521,0.971153846153846,0.951501154734411
30,2,6,0,0.998888385610205,0.99777677122041,0.971153846153846,0.951501154734411
31,2,5,0.2,0.98783561694878,0.975671233897559,0.177884615384615,0.951501154734411
32,3,4,0.4,0.773887696169176,0.547775392338352,0.0528846153846154,0.923076923076923
33,2,5,0,0.999936853036719,0.999873706073437,1,0.940886699507389
34,2,8,0,0.885484165461402,0.770968330922804,0.278846153846154,0.951501154734411
35,2,6,0,0.991931004881431,0.983862009762861,0.971153846153846,0.951501154734411
36,2,5,0,0.998792591772516,0.997585183545031,1,0.940886699507389
37,2,6,0,0.949480782862372,0.898961565724745,0.375,0.940886699507389
38,2,9,0,0.968468654533595,0.936937309067191,0.0769230769230769,0.951501154734411
39,2,6,0,0.998975786329995,0.99795157265999,0.375,0.940886699507389
40,3,6,0.4,0.64045087126091,0.28090174252182,0.00961538461538462,0.19047619047619
41,2,11,0.2,0.814432594732803,0.628865189465606,0.0336538461538462,0.951501154734411
42,2,6,0,0.999133554286591,0.998267108573182,0.971153846153846,0.951501154734411
43,2,5,0,0.999973863992355,0.999947727984709,1,0.940886699507389
44,2,5,0.4,0.63361863536869,0.267237270737381,0.0240384615384615,0.940886699507389
45,2,5,0,0.990836577402917,0.981673154805834,1,0.940886699507389
46,2,5,0,0.999876651510036,0.999753303020071,1,0.940886699507389
47,2,6,0,0.930531420686859,0.861062841373717,0.163461538461538,0.951501154734411
48,2,6,0,0.996711853092815,0.993423706185629,0.971153846153846,0.951501154734411
49,2,6,1,0.00849087103355299,-0.983018257932894,0,0.0591133004926108
50,2,6,0,0.999392714605049,0.998785429210099,0.971153846153846,0.951501154734411
51,2,5,0,0.908166614985747,0.816333229971494,1,0.940886699507389
52,2,5,0,0.999382128296033,0.998764256592066,0.201923076923077,0.940886699507389
53,2,6,0,0.992512330688663,0.985024661377326,0.375,0.940886699507389
54,2,6,0,0.99369005282385,0.9873801056477,0.971153846153846,0.951501154734411
55,2,6,0,0.999472876394661,0.998945752789322,0.971153846153846,0.951501154734411
56,2,9,0,0.996539310368209,0.993078620736417,0.120192307692308,0.951501154734411
57,2,5,0,0.997555098261283,0.995110196522566,1,0.940886699507389
58,2,5,0,0.949084453970483,0.898168907940967,1,0.940886699507389
59,2,6,0,0.997638193555448,0.995276387110896,0.971153846153846,0.951501154734411
60,3,5,0,0.879356542579384,0.758713085158769,0.158653846153846,0.80952380952381
61,2,6,0.2,0.991272835204397,0.982545670408795,0.375,0.940886699507389
62,2,6,0,0.985558045294305,0.97111609058861,0.00961538461538462,0.951501154734411
63,2,5,0,0.998175498704919,0.996350997409837,0.201923076923077,0.940886699507389
64,2,14,0.2,0.650136551860565,0.300273103721131,0.0144230769230769,0.940886699507389
65,2,6,0,0.995638216941112,0.991276433882224,0.971153846153846,0.951501154734411
66,2,5,0,0.999524883002849,0.999049766005699,1,0.940886699507389
67,3,6,0,0.787655942712212,0.575311885424424,0.110576923076923,0.850746268656716
68,2,5,0,0.999915538353148,0.999831076706296,1,0.940886699507389
69,3,5,0.2,0.525275789037945,0.0505515780758907,0.0625,0.888888888888889
70,2,5,0,0.992645913810254,0.985291827620508,0.201923076923077,0.940886699507389
71,2,5,0,0.997457832365034,0.994915664730067,1,0.940886699507389
72,2,5,0,0.98572242472231,0.971444849444619,1,0.940886699507389
73,2,5,0,0.999726316326735,0.999452632653471,1,0.940886699507389
74,2,6,0,0.992806840876954,0.985613681753908,0.971153846153846,0.951501154734411
75,2,5,0,0.997715215286839,0.995430430573677,1,0.940886699507389
76,2,5,0,0.99219802788415,0.9843960557683,1,0.940886699507389
77,2,5,0,0.99121621994071,0.982432439881419,1,0.940886699507389
78,3,5,0.2,0.940767333981972,0.881534667963943,0.0625,0.888888888888889
79,3,9,0.8,0.532037224076893,0.064074448153786,0,0.19047619047619
80,2,6,0,0.993915696009032,0.987831392018064,0.971153846153846,0.951501154734411
81,2,6,0,0.998428304271693,0.996856608543387,0.971153846153846,0.951501154734411
82,2,8,0,0.949733194984645,0.89946638996929,0.278846153846154,0.951501154734411
83,2,8,0,0.987271867351105,0.97454373470221,0.278846153846154,0.951501154734411
84,2,5,0,0.968349717914056,0.936699435828113,0.201923076923077,0.940886699507389
85,2,5,0,0.995926888438375,0.991853776876749,1,0.940886699507389
86,3,5,0,0.984624079006309,0.969248158012617,0.158653846153846,0.80952380952381
87,2,9,0,0.991661734659088,0.983323469318176,0.0769230769230769,0.951501154734411
88,2,5,0,0.892420781796333,0.784841563592665,0.177884615384615,0.951501154734411
89,2,10,0.2,0.574718552550352,0.149437105100703,0.0192307692307692,0.951501154734411
90,2,6,0,0.996155259867971,0.992310519735942,0.971153846153846,0.951501154734411
91,2,5,0,0.968055033301371,0.936110066602742,1,0.940886699507389
92,2,6,0,0.994050753492216,0.988101506984433,0.971153846153846,0.951501154734411
93,2,6,0,0.999070129590683,0.998140259181366,0.375,0.940886699507389
94,2,5,0,0.997616194210993,0.995232388421987,1,0.940886699507389
95,2,7,0.6,0.51836994330959,0.0367398866191798,0.00961538461538462,0.0591133004926108
96,3,9,0.8,0.0913692403272481,-0.817261519345504,0,0.149253731343284
97,2,5,0,0.995907580955184,0.991815161910367,1,0.940886699507389
98,3,5,0,0.88217967951308,0.76435935902616,0.158653846153846,0.80952380952381
99,2,6,0,0.999615429487724,0.999230858975447,0.971153846153846,0.951501154734411
100,2,6,0,0.991725485739489,0.983450971478977,0.971153846153846,0.951501154734411
101,2,8,0,0.921021038133585,0.84204207626717,0.278846153846154,0.951501154734411
102,2,8,0,0.937392620565051,0.874785241130103,0.278846153846154,0.951501154734411
103,3,5,0,0.969482339099892,0.938964678199784,0.158653846153846,0.80952380952381
104,2,6,0,0.991304760129559,0.982609520259118,0.971153846153846,0.951501154734411
105,2,6,0,0.970330005150183,0.940660010300365,0.971153846153846,0.951501154734411
106,2,5,0,0.98266729590885,0.9653345918177,0.177884615384615,0.951501154734411
107,2,8,0,0.929613616339373,0.859227232678747,0.278846153846154,0.951501154734411
108,2,5,0.2,0.864922611601061,0.729845223202121,1,0.940886699507389
109,2,5,0,0.952919797719149,0.905839595438298,1,0.940886699507389
110,2,5,0,0.998367557514924,0.996735115029848,1,0.940886699507389
111,2,6,0,0.98247333484972,0.964946669699441,0.163461538461538,0.951501154734411
112,2,6,0,0.785810970314914,0.571621940629828,0.163461538461538,0.951501154734411
113,2,5,0,0.997440768374694,0.994881536749388,1,0.940886699507389
114,2,17,0.8,0.234179718408714,-0.531640563182572,0,0.0591133004926108
115,2,6,0,0.999938160548195,0.999876321096389,0.971153846153846,0.951501154734411
116,2,5,0,0.99972236545224,0.999444730904479,1,0.940886699507389
117,2,7,1,0.0355903249814113,-0.928819350037177,0,0.0484988452655889
118,3,5,0,0.94020577131564,0.880411542631279,0.158653846153846,0.80952380952381
119,2,7,0.4,0.909704419507305,0.819408839014611,0.0192307692307692,0.940886699507389
120,2,5,0,0.987193446862384,0.974386893724767,0.201923076923077,0.940886699507389
121,2,6,0,0.993013048666702,0.986026097333404,0.971153846153846,0.951501154734411
122,3,6,0.2,0.671730821448463,0.343461642896927,0.0192307692307692,0.80952380952381
123,2,6,0,0.998079265749042,0.996158531498084,0.971153846153846,0.951501154734411
124,2,6,0,0.951391795560647,0.902783591121293,0.971153846153846,0.951501154734411
125,2,6,0,0.99896043470886,0.997920869417721,0.971153846153846,0.951501154734411
126,2,8,0,0.966600156922188,0.933200313844375,0.278846153846154,0.951501154734411
127,2,6,0,0.857865902546098,0.715731805092196,0.375,0.940886699507389
128,2,9,0.2,0.628186683214445,0.256373366428889,0.0144230769230769,0.951501154734411
129,2,6,0,0.982771713750243,0.965543427500487,0.375,0.940886699507389
130,2,6,0,0.998686093030797,0.997372186061595,0.971153846153846,0.951501154734411
131,2,5,0,0.995959342122067,0.991918684244134,0.201923076923077,0.940886699507389
132,2,5,0,0.999730026444635,0.999460052889269,1,0.940886699507389
133,2,5,0,0.999552628045685,0.99910525609137,1,0.940886699507389
134,2,5,0,0.995945789681265,0.99189157936253,1,0.940886699507389
135,2,6,0,0.776513465859369,0.553026931718738,0.163461538461538,0.951501154734411
136,2,5,0,0.993533199831783,0.987066399663566,0.201923076923077,0.940886699507389
137,2,6,0,0.999272742862241,0.998545485724481,0.971153846153846,0.951501154734411
138,3,6,0,0.980507611543478,0.961015223086956,0.110576923076923,0.850746268656716
139,2,5,0,0.99245857996577,0.98491715993154,1,0.940886699507389
140,2,5,0,0.96321094062281,0.926421881245619,1,0.940886699507389
141,2,5,0,0.999984309534425,0.999968619068851,1,0.940886699507389
142,2,9,0.4,0.631600798555283,0.263201597110566,0,0.951501154734411
143,3,7,0.8,0.0834795975595679,-0.833040804880864,0,0.149253731343284
144,3,7,0,0.981745192366174,0.963490384732348,0.0432692307692308,0.850746268656716
145,2,5,0,0.999978816886329,0.999957633772658,1,0.940886699507389
146,2,6,0.4,0.956735822954653,0.913471645909306,0.971153846153846,0.951501154734411
147,2,5,0,0.999969376090388,0.999938752180776,1,0.940886699507389
148,2,5,0.2,0.925528151953842,0.851056303907683,0.201923076923077,0.940886699507389
149,3,5,0,0.987272550026183,0.974545100052365,0.158653846153846,0.80952380952381
150,3,7,0.6,0.462013343556547,-0.0759733128869066,0.00480769230769231,0.149253731343284
151,2,11,0.8,0.246510673991818,-0.506978652016364,0,0.0484988452655889
152,2,5,0,0.999809168068542,0.999618336137085,1,0.940886699507389
153,2,5,0,0.986507252323595,0.97301450464719,1,0.940886699507389
154,2,6,0,0.999152434026093,0.998304868052187,0.971153846153846,0.951501154734411
155,2,5,0,0.998085337733565,0.99617067546713,1,0.940886699507389
156,2,6,0,0.99651192931819,0.99302385863638,0.971153846153846,0.951501154734411
157,2,6,0,0.998751438859979,0.997502877719959,0.971153846153846,0.951501154734411
158,2,6,0,0.995509005056937,0.991018010113874,0.971153846153846,0.951501154734411
159,2,6,0,0.996713071639492,0.993426143278984,0.375,0.940886699507389
160,2,8,0,0.987253174719833,0.974506349439666,0.278846153846154,0.951501154734411
161,2,5,0,0.9853340781503,0.9706681563006,0.177884615384615,0.951501154734411
162,2,5,0,0.994843204514611,0.989686409029222,1,0.940886699507389
163,2,6,0,0.995966348506907,0.991932697013815,0,0.951501154734411
164,2,6,0,0.999858537456769,0.999717074913537,0.971153846153846,0.951501154734411
165,2,6,0,0.999492388835306,0.998984777670612,0.971153846153846,0.951501154734411
166,3,5,0.2,0.69668219464884,0.39336438929768,0.158653846153846,0.80952380952381
167,2,6,0,0.999241022191658,0.998482044383316,0.375,0.940886699507389
168,2,10,0.2,0.562868961467842,0.125737922935684,0.0192307692307692,0.951501154734411
169,2,5,0,0.989469188024655,0.978938376049311,1,0.940886699507389
170,2,5,0,0.945976905619053,0.891953811238106,0.177884615384615,0.951501154734411
171,2,8,0,0.938014545275038,0.876029090550077,0.278846153846154,0.951501154734411
172,2,6,0,0.990743142362342,0.981486284724683,0.971153846153846,0.951501154734411
173,2,12,0.8,0.12399105410826,-0.752017891783479,0,0.0591133004926108
174,2,5,0,0.868658015382265,0.737316030764531,1,0.940886699507389
175,2,6,0,0.966175146697728,0.932350293395456,0.375,0.940886699507389
176,2,5,0,0.989071564229434,0.978143128458867,1,0.940886699507389
177,2,5,0,0.973960359978182,0.947920719956363,1,0.940886699507389
178,2,6,0,0.999671608128759,0.999343216257518,0.971153846153846,0.951501154734411
179,3,6,0,0.732812320317502,0.465624640635004,0.110576923076923,0.850746268656716
180,2,5,0,0.984694248498949,0.969388496997898,0.177884615384615,0.951501154734411
181,2,6,0,0.996636601463212,0.993273202926423,0.971153846153846,0.951501154734411
182,2,6,0,0.995233668608042,0.990467337216085,0.971153846153846,0.951501154734411
183,2,5,0,0.996193401098402,0.992386802196804,1,0.940886699507389
184,2,6,0,0.998195090814119,0.996390181628237,0.375,0.940886699507389
185,2,11,0.2,0.787233160403282,0.574466320806564,0.00480769230769231,0.951501154734411
186,2,6,0,0.730293754727911,0.460587509455822,0.163461538461538,0.951501154734411
187,2,6,0,0.997397953458868,0.994795906917736,0.375,0.940886699507389
188,3,6,0.2,0.813933903120755,0.62786780624151,0.0432692307692308,0.850746268656716
189,3,11,0.6,0.345895111371995,-0.30820977725601,0.00480769230769231,0.80952380952381
190,3,5,0,0.958875162603497,0.917750325206993,0.158653846153846,0.80952380952381
191,2,5,0,0.988604921935326,0.977209843870653,1,0.940886699507389
192,2,6,0.2,0.901046432566415,0.80209286513283,0.163461538461538,0.951501154734411
193,2,6,0,0.961434707587929,0.922869415175858,0.971153846153846,0.951501154734411
194,2,5,0,0.998967323294339,0.997934646588678,1,0.940886699507389
195,2,6,0,0.999748323106224,0.999496646212448,0.971153846153846,0.951501154734411
196,2,5,0,0.963724104187793,0.927448208375586,0.201923076923077,0.940886699507389
197,2,5,0,0.868878861478749,0.737757722957499,0.177884615384615,0.951501154734411
198,2,9,0.2,0.973640151241816,0.947280302483633,0.120192307692308,0.951501154734411
199,2,5,0,0.999446698218778,0.998893396437555,1,0.940886699507389
200,2,6,0,0.99852079571277,0.997041591425541,0.971153846153846,0.951501154734411
201,2,6,0,0.998938172792723,0.997876345585445,0.971153846153846,0.951501154734411
202,2,11,0.2,0.550316265183421,0.100632530366841,0.00480769230769231,0.0591133004926108
203,2,6,0,0.999754267224921,0.999508534449842,0.971153846153846,0.951501154734411
204,2,5,0.2,0.985878081929563,0.971756163859126,0.177884615384615,0.951501154734411
205,3,7,1,0.321385233651831,-0.357229532696337,0,0.19047619047619
206,2,6,0,0.992347214825182,0.984694429650364,0.971153846153846,0.951501154734411
207,2,6,0,0.997938385038233,0.995876770076466,0.971153846153846,0.951501154734411
208,2,5,0,0.99970536072097,0.99941072144194,1,0.940886699507389
209,2,6,0,0.973480470301009,0.946960940602019,0.163461538461538,0.951501154734411
210,2,5,0,0.998533155721703,0.997066311443407,1,0.940886699507389
211,2,12,0.2,0.532798163311001,0.0655963266220022,0.0432692307692308,0.940886699507389
212,2,5,0,0.999740472730427,0.999480945460854,1,0.940886699507389
213,2,13,1,0.370402455264798,-0.259195089470404,0,0.0591133004926108
214,2,5,0,0.996140456966046,0.992280913932091,1,0.940886699507389
215,2,5,0,0.997346666924274,0.994693333848548,1,0.940886699507389
216,3,4,0,0.91520369600566,0.830407392011319,0.0528846153846154,0.923076923076923
217,2,5,0,0.999436018981119,0.998872037962238,1,0.940886699507389
218,2,5,0,0.940479082755728,0.880958165511456,0.0240384615384615,0.940886699507389
219,2,6,1,0.0138376922448073,-0.972324615510386,0.00480769230769231,0.0484988452655889
220,2,5,0,0.928189240752115,0.856378481504231,0.177884615384615,0.951501154734411
221,2,5,0,0.999443145105117,0.998886290210234,1,0.940886699507389
222,2,6,0,0.994468571440734,0.988937142881468,0.971153846153846,0.951501154734411
223,2,6,0,0.961906698851609,0.923813397703218,0.375,0.940886699507389
224,2,10,0.4,0.760535790286181,0.521071580572361,0.0192307692307692,0.951501154734411
225,2,5,0,0.875352721252618,0.750705442505236,0.177884615384615,0.951501154734411
226,2,6,0,0.994978663843965,0.989957327687929,0.971153846153846,0.951501154734411
227,2,6,0,0.999252142529173,0.998504285058345,0.971153846153846,0.951501154734411
228,2,6,0,0.999837304425103,0.999674608850205,0.971153846153846,0.951501154734411
229,2,6,0,0.987438580651948,0.974877161303896,0.375,0.940886699507389
230,2,8,0,0.961460979621405,0.922921959242809,0.278846153846154,0.951501154734411
231,2,6,0,0.998936762599785,0.99787352519957,0.971153846153846,0.951501154734411
232,2,8,0,0.988924225981453,0.977848451962907,0.278846153846154,0.951501154734411
233,2,8,0,0.912472899875682,0.824945799751364,0.278846153846154,0.951501154734411
234,2,8,0,0.956267743857124,0.912535487714248,0.278846153846154,0.951501154734411
235,3,7,1,0.170408317411442,-0.659183365177116,0,0.80952380952381
236,2,6,0,0.959660225593159,0.919320451186319,0.375,0.940886699507389
237,2,5,0,0.992261150940111,0.984522301880222,1,0.940886699507389
238,2,11,0.4,0.936479298936477,0.872958597872953,0.0336538461538462,0.951501154734411
239,3,9,0.8,0.367731951404628,-0.264536097190744,0.00480769230769231,0.19047619047619
240,3,8,0.6,0.363741562334186,-0.272516875331627,0,0.19047619047619
241,2,11,0,0.842231600413678,0.684463200827356,0.0336538461538462,0.951501154734411
242,2,6,0,0.999075816914128,0.998151633828256,0.971153846153846,0.951501154734411
243,2,6,0,0.762420428594302,0.524840857188605,0.163461538461538,0.951501154734411
244,2,6,0,0.847583415227706,0.695166830455412,0.375,0.940886699507389
245,3,7,0.4,0.811841574330663,0.623683148661326,0,0.19047619047619
246,2,5,0,0.999672385826534,0.999344771653068,1,0.940886699507389
247,2,6,0.2,0.989453519523221,0.978907039046442,0.971153846153846,0.951501154734411
248,2,5,0,0.999996461288643,0.999992922577286,1,0.940886699507389
249,2,6,0,0.82412642915839,0.648252858316779,0.163461538461538,0.951501154734411
250,2,5,0,0.987721981558256,0.975443963116513,1,0.940886699507389
251,2,12,0,0.839772710824198,0.679545421648395,0.00480769230769231,0.951501154734411
252,3,5,0,0.983972235655664,0.967944471311327,0.158653846153846,0.80952380952381
253,3,6,0.2,0.848325837093169,0.696651674186339,0.0432692307692308,0.850746268656716
254,2,5,1,0.144109286720079,-0.711781426559842,0,0.0591133004926108
255,2,5,0.2,0.829634424898311,0.659268849796622,0.177884615384615,0.951501154734411
256,2,12,0.2,0.72830416905807,0.45660833811614,0.0432692307692308,0.940886699507389
257,3,5,0,0.930406108935337,0.860812217870675,0.158653846153846,0.80952380952381
258,2,13,0.4,0.917705674699388,0.835411349398776,0.0144230769230769,0.940886699507389
259,2,6,0.2,0.93925863574813,0.87851727149626,0.0192307692307692,0.940886699507389
260,2,5,0,0.757956562905312,0.515913125810624,0.177884615384615,0.951501154734411
261,2,7,0.6,0.941743158664437,0.883486317328874,0.0192307692307692,0.940886699507389
262,3,4,1,0.0285163294602519,-0.942967341079496,0,0.111111111111111
263,2,11,0.2,0.749711526294795,0.49942305258959,0.0192307692307692,0.940886699507389
264,2,7,0.2,0.813916849289447,0.627833698578894,0.0192307692307692,0.940886699507389
265,2,8,0,0.997800384533788,0.995600769067575,0.278846153846154,0.951501154734411
266,2,6,0,0.998526133746317,0.997052267492634,0.971153846153846,0.951501154734411
267,3,5,0,0.991771946813816,0.983543893627631,0.158653846153846,0.80952380952381
268,3,6,0,0.803496260592545,0.60699252118509,0.110576923076923,0.850746268656716
269,2,5,0,0.974009425264028,0.948018850528055,1,0.940886699507389
270,2,6,0,0.999502875017102,0.999005750034205,0.971153846153846,0.951501154734411
271,2,5,0.2,0.840661523645521,0.681323047291042,0.0240384615384615,0.940886699507389
272,2,10,0.8,0.0544360221253185,-0.891127955749363,0,0.0484988452655889
273,2,10,0.4,0.596570858026572,0.193141716053144,0.0192307692307692,0.951501154734411
274,3,11,0.8,0.334579264067898,-0.330841471864203,0.00480769230769231,0.80952380952381
275,2,5,0,0.972781687465388,0.945563374930776,0.201923076923077,0.940886699507389
276,2,5,0,0.987530578706508,0.975061157413017,1,0.940886699507389
277,2,8,1,0.256395643153629,-0.487208713692741,0,0.0484988452655889
278,2,5,0,0.977680675352417,0.955361350704834,1,0.940886699507389
279,2,5,0,0.982139527730019,0.964279055460038,1,0.940886699507389
280,2,6,0,0.999022357915811,0.998044715831622,0.971153846153846,0.951501154734411
281,2,5,0,0.989355316149429,0.978710632298858,1,0.940886699507389
282,2,5,0,0.999243191120075,0.99848638224015,1,0.940886699507389
283,2,6,0,0.9922508001258,0.9845016002516,0.971153846153846,0.951501154734411
284,2,6,0,0.999279193694513,0.998558387389027,0.971153846153846,0.951501154734411
285,3,5,0,0.924913030659966,0.849826061319932,0.0625,0.888888888888889
286,2,5,0,0.73351535132758,0.467030702655159,0.177884615384615,0.951501154734411
287,2,5,0,0.998526099880286,0.997052199760572,0.201923076923077,0.940886699507389
288,2,5,0,0.975913886627432,0.951827773254863,1,0.940886699507389
289,3,6,0.6,0.660830188346069,0.321660376692138,0.00480769230769231,0.888888888888889
290,2,5,0.2,0.926917932384438,0.853835864768875,0.201923076923077,0.940886699507389
291,3,6,0.2,0.716124515078164,0.432249030156328,0.0432692307692308,0.850746268656716
292,2,6,0,0.993415963882557,0.986831927765114,0.971153846153846,0.951501154734411
293,3,7,0,0.972852072414409,0.945704144828819,0.0432692307692308,0.850746268656716
294,2,5,0,0.903979858270189,0.807959716540378,0.177884615384615,0.951501154734411
295,2,5,0,0.98984098972828,0.97968197945656,0.201923076923077,0.940886699507389
296,2,5,0,0.929178079727763,0.858356159455527,0.177884615384615,0.951501154734411
297,2,6,0,0.915051965325073,0.830103930650146,0.163461538461538,0.951501154734411
298,3,8,0.6,0.235993253188606,-0.528013493622788,0,0.850746268656716
299,2,6,0,0.980441786502165,0.96088357300433,0.971153846153846,0.951501154734411
300,2,5,0.6,0.0953363363616362,-0.809327327276728,0.0144230769230769,0.0591133004926108
301,2,6,0,0.99581421855911,0.991628437118221,0.971153846153846,0.951501154734411
302,3,6,0,0.958641270895373,0.917282541790747,0.0144230769230769,0.850746268656716
303,2,5,0,0.937520144594984,0.875040289189968,0.201923076923077,0.940886699507389
304,2,8,0,0.969402445127922,0.938804890255844,0.278846153846154,0.951501154734411
305,2,6,0,0.997733497611379,0.995466995222758,0.971153846153846,0.951501154734411
306,2,12,0.2,0.565947473275414,0.131894946550828,0.0432692307692308,0.940886699507389
307,3,6,0.4,0.712867542796769,0.425735085593538,0.0144230769230769,0.850746268656716
308,2,6,0,0.999107918156375,0.998215836312751,0.375,0.940886699507389
309,3,5,0,0.929523040502122,0.859046081004244,0.0625,0.888888888888889
310,2,5,0.8,0.243699468640688,-0.512601062718624,0,0.0484988452655889
311,3,6,0.4,0.298999549926238,-0.402000900147524,0.0432692307692308,0.850746268656716
312,2,5,0.6,0.0410516149653995,-0.917896770069201,0.0144230769230769,0.0591133004926108
313,2,5,0.2,0.777085817577229,0.554171635154458,0.177884615384615,0.951501154734411
314,2,5,0,0.999924007985453,0.999848015970906,1,0.940886699507389
315,2,9,0,0.942834468046281,0.885668936092561,0.0769230769230769,0.951501154734411
316,2,5,0,0.971598861758067,0.943197723516135,0.177884615384615,0.951501154734411
317,2,8,0,0.703015624109096,0.406031248218192,0.0240384615384615,0.951501154734411
318,2,6,0,0.99226011083626,0.984520221672519,0.971153846153846,0.951501154734411
319,2,5,0,0.988166687842744,0.976333375685487,1,0.940886699507389
320,2,6,0,0.993832719846726,0.987665439693452,0.971153846153846,0.951501154734411
321,2,5,0,0.977997472309771,0.955994944619542,0.0240384615384615,0.940886699507389
322,2,6,0,0.604035954195047,0.208071908390093,0.163461538461538,0.951501154734411
323,2,6,0,0.989351711788819,0.978703423577639,0.971153846153846,0.951501154734411
324,2,8,0,0.999045630914469,0.998091261828939,0.278846153846154,0.951501154734411
325,2,5,1,0.134752254910585,-0.730495490178829,0,0.0484988452655889
326,2,5,0,0.966045934176712,0.932091868353423,0.201923076923077,0.940886699507389
327,2,5,0,0.999050949049833,0.998101898099665,1,0.940886699507389
328,2,5,0,0.948335136937797,0.896670273875595,0.201923076923077,0.940886699507389
329,2,6,0,0.999970941571084,0.999941883142168,0.971153846153846,0.951501154734411
330,2,6,0,0.866876678044277,0.733753356088554,0.375,0.940886699507389
331,2,6,0,0.99987967297534,0.99975934595068,0.375,0.940886699507389
332,2,5,0,0.995325486789805,0.990650973579611,0.201923076923077,0.940886699507389
333,3,5,0.2,0.746729122849136,0.493458245698273,0.158653846153846,0.80952380952381
334,2,5,0,0.99062696993857,0.981253939877141,1,0.940886699507389
335,2,5,0,0.997877218688593,0.995754437377186,1,0.940886699507389
336,2,5,0,0.99824783412225,0.9964956682445,1,0.940886699507389
337,2,5,0,0.992615043502538,0.985230087005077,1,0.940886699507389
338,3,6,0.2,0.925245605883906,0.850491211767812,0.110576923076923,0.850746268656716
339,2,5,0,0.978918391461363,0.957836782922726,1,0.940886699507389
340,2,8,0,0.889648040765043,0.779296081530085,0.278846153846154,0.951501154734411
341,2,6,0,0.996646251990036,0.993292503980072,0.375,0.940886699507389
342,2,6,0,0.999977177121947,0.999954354243893,0.971153846153846,0.951501154734411
343,2,6,0,0.999287671285814,0.998575342571628,0.375,0.940886699507389
344,2,6,0,0.981905669796207,0.963811339592413,0.375,0.940886699507389
345,2,5,0,0.999930254998621,0.999860509997242,1,0.940886699507389
346,2,9,0,0.98019398204166,0.96038796408332,0.120192307692308,0.951501154734411
347,2,5,0,0.983069960538428,0.966139921076857,1,0.940886699507389
348,2,6,0,0.782256069977414,0.564512139954828,0.375,0.940886699507389
349,2,14,0.2,0.640150624074585,0.280301248149171,0.0144230769230769,0.940886699507389
350,2,6,0,0.98994630798107,0.979892615962141,0.375,0.940886699507389
351,2,7,0.6,0.509542520248622,0.0190850404972445,0.00961538461538462,0.0591133004926108
352,2,6,0,0.846416779554951,0.692833559109902,0.375,0.940886699507389
353,2,6,0,0.997882928456487,0.995765856912973,0.971153846153846,0.951501154734411
354,2,8,0,0.992895039145348,0.985790078290696,0.278846153846154,0.951501154734411
355,2,9,0,0.924592448039009,0.849184896078018,0.0769230769230769,0.951501154734411
356,2,5,0,0.975924325647311,0.951848651294623,1,0.940886699507389
357,2,9,0,0.992213159875233,0.984426319750466,0.0769230769230769,0.951501154734411
358,2,5,0,0.994144567155104,0.988289134310209,1,0.940886699507389
359,2,6,0,0.995626792691657,0.991253585383313,0.375,0.940886699507389
360,3,4,0,0.867399463333934,0.734798926667868,0.0528846153846154,0.923076923076923
361,2,6,0,0.99909024084025,0.998180481680499,0.971153846153846,0.951501154734411
362,2,12,0.6,0.0918345330147423,-0.816330933970515,0.00480769230769231,0.0591133004926108
363,2,5,0,0.982925447276001,0.965850894552002,0.201923076923077,0.940886699507389
364,3,6,0.6,0.217788230826057,-0.564423538347886,0.00480769230769231,0.19047619047619
365,2,5,0,0.986113161013796,0.972226322027592,0.0240384615384615,0.940886699507389
366,2,6,0,0.996202265270673,0.992404530541347,0.971153846153846,0.951501154734411
367,2,6,0,0.995906072850131,0.991812145700261,0.971153846153846,0.951501154734411
368,2,9,0.2,0.615648092004446,0.231296184008892,0.0144230769230769,0.951501154734411
369,2,5,0,0.999547568213966,0.999095136427933,1,0.940886699507389
370,2,6,0,0.983110860202542,0.966221720405083,0.375,0.940886699507389
371,2,5,0,0.992974769035087,0.985949538070175,0.201923076923077,0.940886699507389
372,2,10,0.6,0.695590619394057,0.391181238788113,0.0192307692307692,0.951501154734411
373,2,6,0,0.999759788113076,0.999519576226152,0.971153846153846,0.951501154734411
374,2,6,0,0.98735838358992,0.97471676717984,0.971153846153846,0.951501154734411
375,2,5,0,0.816153341142103,0.632306682284207,0.177884615384615,0.951501154734411
376,2,6,0,0.999590717174032,0.999181434348063,0.971153846153846,0.951501154734411
377,2,5,0.2,0.992753288131827,0.985506576263653,1,0.940886699507389
378,2,9,0.2,0.983939442633319,0.967878885266639,0.0769230769230769,0.951501154734411
379,2,5,0,0.974855204122505,0.94971040824501,1,0.940886699507389
380,2,8,0,0.991043180778202,0.982086361556404,0.278846153846154,0.951501154734411
381,2,6,0,0.997014165455343,0.994028330910686,0.971153846153846,0.951501154734411
382,2,5,0,0.996569353976496,0.993138707952992,1,0.940886699507389
383,2,5,0,0.999638946117114,0.999277892234228,1,0.940886699507389
384,2,6,0.2,0.982674838940829,0.965349677881659,0.971153846153846,0.951501154734411
385,2,6,0,0.987517707731831,0.975035415463663,0.375,0.940886699507389
386,2,9,0,0.998806239322603,0.997612478645206,0.120192307692308,0.951501154734411
387,2,6,0,0.999820870907181,0.999641741814362,0.971153846153846,0.951501154734411
388,2,15,0.8,0.291668770712143,-0.416662458575714,0,0.0591133004926108
389,2,8,0.2,0.681587027774268,0.363174055548536,0.0240384615384615,0.951501154734411
390,2,8,0,0.919506026934717,0.839012053869434,0.278846153846154,0.951501154734411
391,2,5,0,0.995320254476829,0.990640508953658,1,0.940886699507389
392,2,6,0,0.972765364857147,0.945530729714293,0.375,0.940886699507389
393,2,5,0,0.999846660434613,0.999693320869227,1,0.940886699507389
394,2,5,0,0.995151988253427,0.990303976506854,1,0.940886699507389
395,2,6,0,0.966761668981253,0.933523337962507,0.163461538461538,0.951501154734411
396,2,6,0.2,0.871981840686883,0.743963681373765,0.163461538461538,0.951501154734411
397,2,8,0,0.998833952489769,0.997667904979538,0.278846153846154,0.951501154734411
398,2,8,0.8,0.443736080745496,-0.112527838509007,0.00961538461538462,0.0484988452655889
399,2,5,0,0.859326275022189,0.718652550044379,1,0.940886699507389
400,2,5,0,0.999051674275109,0.998103348550219,1,0.940886699507389
401,2,12,0.2,0.560859737570664,0.121719475141328,0.0432692307692308,0.940886699507389
402,2,8,0.2,0.977564310356832,0.955128620713664,0.278846153846154,0.951501154734411
403,2,6,0,0.993271289448513,0.986542578897025,0.971153846153846,0.951501154734411
404,2,9,0.2,0.636030785827289,0.272061571654577,0.0144230769230769,0.951501154734411
405,2,9,0,0.987603040930379,0.975206081860759,0.120192307692308,0.951501154734411
406,2,6,0,0.992951833337097,0.985903666674194,0.971153846153846,0.951501154734411
407,2,12,0,0.628450884437636,0.256901768875272,0.0432692307692308,0.940886699507389
408,2,5,0.2,0.994141707761934,0.988283415523868,1,0.940886699507389
409,3,10,0.4,0.572607658279664,0.145215316559328,0.0240384615384615,0.80952380952381
410,2,6,0,0.999772758672301,0.999545517344603,0.971153846153846,0.951501154734411
411,2,5,0,0.986714890420277,0.973429780840554,0.201923076923077,0.940886699507389
412,2,9,0.2,0.986799045257156,0.973598090514312,0.120192307692308,0.951501154734411
413,2,6,0,0.998660767690937,0.997321535381874,0.971153846153846,0.951501154734411
414,2,5,0,0.992874311786632,0.985748623573263,1,0.940886699507389
415,3,6,0,0.963323878125539,0.926647756251077,0.0144230769230769,0.850746268656716
416,2,6,0,0.999155501441255,0.99831100288251,0.375,0.940886699507389
417,2,6,0,0.889850429121405,0.779700858242809,0.0192307692307692,0.940886699507389
418,2,18,0.8,0.208961776461721,-0.582076447076558,0,0.0591133004926108
419,3,5,0,0.97632965569795,0.9526593113959,0.158653846153846,0.80952380952381
420,2,6,0,0.994839463272579,0.989678926545158,0.971153846153846,0.951501154734411
421,2,6,0,0.900981777949121,0.801963555898243,0.375,0.940886699507389
422,2,5,0,0.997362393744915,0.99472478748983,1,0.940886699507389
423,2,6,0,0.958191590784448,0.916383181568896,0.375,0.940886699507389
424,2,8,1,0.49096747389877,-0.0180650522024604,0.0240384615384615,0.951501154734411
425,3,7,0,0.687349512011765,0.374699024023529,0.0432692307692308,0.850746268656716
426,2,5,0,0.997962661127503,0.995925322255006,1,0.940886699507389
427,2,6,0,0.999827928252225,0.999655856504451,0.971153846153846,0.951501154734411
428,2,8,0,0.965184825217421,0.930369650434842,0.278846153846154,0.951501154734411
429,2,6,0.2,0.972905117673759,0.945810235347518,0.971153846153846,0.951501154734411
430,2,6,0.2,0.990248671340805,0.98049734268161,0.375,0.940886699507389
431,2,6,0,0.996280728550941,0.992561457101882,0.971153846153846,0.951501154734411
432,2,5,0,0.997790751645451,0.995581503290901,1,0.940886699507389
433,2,5,0,0.999690121274249,0.999380242548498,1,0.940886699507389
434,2,6,0.2,0.763672356241176,0.527344712482352,0.163461538461538,0.951501154734411
435,2,6,0,0.984653005584988,0.969306011169977,0.971153846153846,0.951501154734411
436,2,6,0,0.972219055408666,0.944438110817333,0.971153846153846,0.951501154734411
437,2,5,0,0.998607341358528,0.997214682717057,1,0.940886699507389
438,2,5,0,0.998360774001094,0.996721548002187,1,0.940886699507389
439,2,6,0,0.98886840337577,0.97773680675154,0.971153846153846,0.951501154734411
440,2,5,0,0.991630609051391,0.983261218102781,1,0.940886699507389
441,2,6,0,0.990358179997369,0.980716359994737,0.971153846153846,0.951501154734411
442,2,9,0.4,0.961372230304668,0.922744460609337,0.120192307692308,0.951501154734411
443,2,6,0.4,0.774386837398517,0.548773674797034,0.163461538461538,0.951501154734411
444,3,5,0,0.678226342724541,0.356452685449082,0.158653846153846,0.80952380952381
445,3,6,0.2,0.818899388663289,0.637798777326578,0.0144230769230769,0.850746268656716
446,2,6,0,0.96409936885361,0.928198737707221,0.375,0.940886699507389
447,2,6,0,0.9946230287898,0.9892460575796,0.375,0.940886699507389
448,2,9,0,0.995077530198095,0.990155060396189,0.120192307692308,0.951501154734411
449,2,6,0,0.985787916240276,0.971575832480552,0.971153846153846,0.951501154734411
450,2,8,0.4,0.795317595557813,0.590635191115625,0.278846153846154,0.951501154734411
451,2,5,0,0.9939388870928,0.9878777741856,1,0.940886699507389
452,2,6,0,0.999568586062255,0.999137172124511,0.971153846153846,0.951501154734411
453,3,7,1,0.278228328853524,-0.443543342292953,0.00480769230769231,0.149253731343284
454,2,6,0,0.865065267880127,0.730130535760254,0.375,0.940886699507389
455,2,11,0,0.885749788800701,0.771499577601402,0.0336538461538462,0.951501154734411
456,2,6,1,0.061609305955395,-0.87678138808921,0,0.0591133004926108
457,2,6,0,0.999880932753487,0.999761865506975,0.971153846153846,0.951501154734411
458,2,5,0,0.996090248606372,0.992180497212744,1,0.940886699507389
459,2,9,0.2,0.568995685259495,0.13799137051899,0,0.0484988452655889
460,2,6,0,0.99693815525966,0.99387631051932,0.971153846153846,0.951501154734411
461,2,8,1,0.357438281890902,-0.285123436218196,0,0.0591133004926108
462,2,6,0,0.998235144144639,0.996470288289279,0.971153846153846,0.951501154734411
463,2,6,0,0.999896418482632,0.999792836965263,0.971153846153846,0.951501154734411
464,2,6,0,0.97643076479753,0.95286152959506,0.375,0.940886699507389
465,2,9,0,0.997978096247079,0.995956192494159,0.0769230769230769,0.951501154734411
466,2,6,0,0.999918850103212,0.999837700206424,0.971153846153846,0.951501154734411
467,2,5,0,0.999729008836534,0.999458017673067,1,0.940886699507389
468,2,5,0,0.97190367023676,0.943807340473521,1,0.940886699507389
469,3,7,0.8,0.513219812505453,0.0264396250109052,0.0144230769230769,0.149253731343284
470,2,6,0,0.999666128996391,0.999332257992782,0.971153846153846,0.951501154734411
471,2,6,0.4,0.901682154781799,0.803364309563599,0.0192307692307692,0.940886699507389
472,2,8,0,0.991282442540338,0.982564885080675,0.278846153846154,0.951501154734411
473,2,6,0,0.99661942377917,0.993238847558341,0.375,0.940886699507389
474,3,8,0,0.987030335172406,0.974060670344812,0.0192307692307692,0.850746268656716
475,2,8,0.8,0.375375605575208,-0.249248788849584,0.00961538461538462,0.0484988452655889
476,2,6,0,0.97494776400482,0.949895528009641,0.971153846153846,0.951501154734411
477,2,9,1,0.193844349691203,-0.612311300617595,0,0.0484988452655889
478,2,6,0,0.992619290311605,0.985238580623209,0.971153846153846,0.951501154734411
479,2,5,0,0.994568078330397,0.989136156660794,1,0.940886699507389
480,2,9,0.2,0.956532607660079,0.913065215320157,0.120192307692308,0.951501154734411
481,2,5,0,0.998707324371497,0.997414648742994,1,0.940886699507389
482,2,6,0.2,0.620224524711635,0.24044904942327,0.163461538461538,0.951501154734411
483,2,5,0,0.996522211972571,0.993044423945143,1,0.940886699507389
484,3,6,0.6,0.665983208261525,0.33196641652305,0.00480769230769231,0.888888888888889
485,2,8,0,0.96101128117902,0.92202256235804,0.278846153846154,0.951501154734411
486,2,5,0,0.998506561523179,0.997013123046357,1,0.940886699507389
487,3,7,0.4,0.621070097091582,0.242140194183165,0.0144230769230769,0.149253731343284
488,2,5,0,0.977988500522561,0.955977001045123,1,0.940886699507389
489,3,5,0,0.923246615368598,0.846493230737195,0.158653846153846,0.80952380952381
490,2,6,0,0.969354898461686,0.938709796923372,0.971153846153846,0.951501154734411
491,2,6,0,0.999243688034555,0.99848737606911,0.375,0.940886699507389
492,2,5,0,0.999987810452315,0.999975620904629,1,0.940886699507389
493,2,6,0,0.995921737611235,0.99184347522247,0.971153846153846,0.951501154734411
494,3,4,0,0.918847009332396,0.837694018664791,0.0528846153846154,0.923076923076923
495,2,8,0,0.723483997077956,0.446967994155911,0.0240384615384615,0.951501154734411
496,2,13,0.8,0.0810275314554362,-0.837944937089128,0,0.0591133004926108
497,2,5,0,0.998427940979348,0.996855881958696,1,0.940886699507389
498,2,6,0,0.997491377531986,0.994982755063972,0.971153846153846,0.951501154734411
499,2,5,0,0.962687518355,0.925375036709999,0.201923076923077,0.940886699507389
500,2,9,0.2,0.985026238227177,0.970052476454355,0.120192307692308,0.951501154734411
501,3,7,0.6,0.43715442168573,-0.12569115662854,0.0432692307692308,0.850746268656716
502,2,6,0.2,0.98938532542471,0.978770650849419,0.971153846153846,0.951501154734411
503,2,6,0,0.999610754356129,0.999221508712258,0.971153846153846,0.951501154734411
504,2,6,0,0.99756039717523,0.995120794350461,0.971153846153846,0.951501154734411
505,3,7,0.4,0.568624984204631,0.137249968409261,0,0.80952380952381
506,2,5,0,0.977010217834113,0.954020435668226,1,0.940886699507389
507,3,6,0.8,0.406714956228702,-0.186570087542597,0,0.850746268656716
508,2,5,0,0.99934377965257,0.998687559305141,1,0.940886699507389
509,3,6,0.2,0.733391474495248,0.466782948990495,0.0432692307692308,0.850746268656716
510,2,6,0,0.994023744687529,0.988047489375058,0.971153846153846,0.951501154734411
511,2,5,0,0.995612558805945,0.99122511761189,1,0.940886699507389
512,3,5,0,0.994092400848174,0.988184801696347,0.158653846153846,0.80952380952381
513,2,6,0,0.997668147943524,0.995336295887047,0.971153846153846,0.951501154734411
514,2,6,0,0.933263332438095,0.866526664876189,0.375,0.940886699507389
515,2,5,0,0.993735009049363,0.987470018098725,0.201923076923077,0.940886699507389
516,3,4,0.2,0.875328393360496,0.750656786720992,0.0528846153846154,0.923076923076923
517,2,5,0,0.870966628711354,0.741933257422708,0.177884615384615,0.951501154734411
518,2,6,0,0.999369300008428,0.998738600016855,0.971153846153846,0.951501154734411
519,2,11,0.2,0.913629444113896,0.827258888227793,0.0336538461538462,0.951501154734411
520,2,9,0,0.963891275090983,0.927782550181966,0.0769230769230769,0.951501154734411
521,2,6,0,0.984727665919735,0.96945533183947,0.971153846153846,0.951501154734411
522,2,8,0.4,0.49096738560014,-0.0180652287997205,0.00961538461538462,0.0484988452655889
523,2,5,0.2,0.992215807866133,0.984431615732266,1,0.940886699507389
524,2,6,0,0.999936175074244,0.999872350148488,0.971153846153846,0.951501154734411
525,2,5,0,0.993723322648121,0.987446645296242,1,0.940886699507389
526,2,6,0,0.999858515659014,0.999717031318029,0.971153846153846,0.951501154734411
527,2,5,0,0.999995153745182,0.999990307490364,1,0.940886699507389
528,2,5,0,0.999337458571059,0.998674917142118,1,0.940886699507389
529,2,6,0,0.999688101355461,0.999376202710922,0.971153846153846,0.951501154734411
530,2,6,0,0.986933464329806,0.973866928659611,0.971153846153846,0.951501154734411
531,3,6,0.6,0.331249195989334,-0.337501608021331,0,0.111111111111111
532,2,5,0,0.773733739054339,0.547467478108677,0.177884615384615,0.951501154734411
533,3,8,0.6,0.857718803741869,0.715437607483738,0,0.80952380952381
534,2,5,0,0.904210280754603,0.808420561509205,0.177884615384615,0.951501154734411
535,2,6,0,0.991180976155506,0.982361952311011,0.971153846153846,0.951501154734411
536,2,9,0.2,0.969093562719751,0.938187125439502,0.120192307692308,0.951501154734411
537,2,5,0,0.980544096011737,0.961088192023474,0.201923076923077,0.940886699507389
538,3,9,0.8,0.359890403617944,-0.280219192764113,0.00480769230769231,0.19047619047619
539,2,5,0,0.982750329857588,0.965500659715177,1,0.940886699507389
540,3,5,0.2,0.943894394369089,0.887788788738178,0.0625,0.888888888888889
541,2,6,0,0.993844460263079,0.987688920526159,0.375,0.940886699507389
542,2,5,0,0.983556448178569,0.967112896357139,0.177884615384615,0.951501154734411
543,2,14,0.2,0.601240797066288,0.202481594132575,0.0144230769230769,0.940886699507389
544,2,8,0,0.953811512976986,0.907623025953972,0.278846153846154,0.951501154734411
545,2,6,0,0.999131426434935,0.998262852869869,0.971153846153846,0.951501154734411
546,2,8,0,0.982850140116977,0.965700280233954,0.278846153846154,0.951501154734411
547,2,18,0.8,0.825315827902881,0.650631655805762,0.00480769230769231,0.940886699507389
548,2,5,0,0.881486121498444,0.762972242996888,1,0.940886699507389
549,2,5,0,0.99923181798967,0.998463635979341,1,0.940886699507389
550,2,5,0,0.998496576951792,0.996993153903584,1,0.940886699507389
551,2,18,0.4,0.773676323293442,0.547352646586884,0.00480769230769231,0.940886699507389
552,2,8,0,0.996029797391154,0.992059594782309,0.278846153846154,0.951501154734411
553,2,9,0.2,0.984616242112811,0.969232484225623,0.120192307692308,0.951501154734411
554,3,7,0.2,0.526227585551507,0.0524551711030134,0.0432692307692308,0.850746268656716
555,3,6,0.2,0.634792418166014,0.269584836332028,0.110576923076923,0.850746268656716
556,2,5,0,0.997599916405105,0.99519983281021,1,0.940886699507389
557,2,9,0,0.999864711184924,0.999729422369847,0.0769230769230769,0.951501154734411
558,2,6,0,0.998965654506297,0.997931309012594,0.375,0.940886699507389
559,3,5,0.4,0.754456068783899,0.508912137567799,0.158653846153846,0.80952380952381
560,3,6,0,0.630043900272081,0.260087800544161,0.110576923076923,0.850746268656716
561,2,6,0,0.997357100689087,0.994714201378173,0.971153846153846,0.951501154734411
562,2,9,0.2,0.988873751047085,0.97774750209417,0.120192307692308,0.951501154734411
563,2,7,0.2,0.818956630759132,0.637913261518263,0.0192307692307692,0.940886699507389
564,2,6,0,0.995176881842496,0.990353763684992,0.971153846153846,0.951501154734411
565,2,6,0,0.982871093484576,0.965742186969152,0.971153846153846,0.951501154734411
566,2,6,0,0.995313788963856,0.990627577927712,0.971153846153846,0.951501154734411
567,2,6,0,0.999513665194995,0.999027330389991,0.163461538461538,0.951501154734411
568,2,6,0,0.986355935269007,0.972711870538015,0.971153846153846,0.951501154734411
569,3,6,0.6,0.339263622067234,-0.321472755865531,0.0192307692307692,0.80952380952381
570,2,6,0,0.997101611931858,0.994203223863716,0.971153846153846,0.951501154734411
571,2,6,0,0.997788414980038,0.995576829960075,0.971153846153846,0.951501154734411
572,2,8,0,0.972772490194181,0.945544980388362,0.278846153846154,0.951501154734411
573,2,5,0,0.881683663172812,0.763367326345623,0.177884615384615,0.951501154734411
574,3,7,0,0.692441573077789,0.384883146155578,0.0432692307692308,0.850746268656716
575,2,6,0,0.993360274247781,0.986720548495562,0.971153846153846,0.951501154734411
576,2,9,0,0.998240923621157,0.996481847242315,0.120192307692308,0.951501154734411
577,2,6,0,0.992057733629878,0.984115467259755,0.971153846153846,0.951501154734411
578,2,12,0.8,0.140808547147094,-0.718382905705812,0.00480769230769231,0.0591133004926108
579,2,6,0,0.782916256017201,0.565832512034402,0.375,0.940886699507389
580,2,8,0,0.956624549468945,0.913249098937891,0.278846153846154,0.951501154734411
581,2,6,0,0.996803739250012,0.993607478500024,0.375,0.940886699507389
582,2,9,0.2,0.988142232919926,0.976284465839852,0.0769230769230769,0.951501154734411
583,2,5,0,0.989775192006546,0.979550384013091,1,0.940886699507389
584,2,6,0,0.983289599157698,0.966579198315395,0.375,0.940886699507389
585,2,6,0,0.999389944962827,0.998779889925653,0.971153846153846,0.951501154734411
586,3,5,0,0.930237666469005,0.86047533293801,0.158653846153846,0.80952380952381
587,2,6,0,0.999725244969809,0.999450489939618,0.971153846153846,0.951501154734411
588,2,5,0,0.990993828828769,0.981987657657538,1,0.940886699507389
589,3,6,0,0.959624647117375,0.919249294234751,0.0432692307692308,0.850746268656716
590,2,6,0,0.994275519055835,0.988551038111669,0.971153846153846,0.951501154734411
591,3,5,0.2,0.916484511593026,0.832969023186052,0.0625,0.888888888888889
592,2,5,0,0.991565939797605,0.983131879595211,1,0.940886699507389
593,3,5,0,0.909113393527706,0.818226787055412,0.0625,0.888888888888889
594,2,6,0,0.990084553229316,0.980169106458632,0.971153846153846,0.951501154734411
595,2,8,0.2,0.983759497583467,0.967518995166935,0.278846153846154,0.951501154734411
596,2,5,0,0.983113838210134,0.966227676420267,1,0.940886699507389
597,2,6,0.2,0.89446654816891,0.788933096337821,0.163461538461538,0.951501154734411
598,2,6,0,0.818845910160976,0.637691820321952,0.375,0.940886699507389
599,2,5,0,0.981225398527774,0.962450797055548,0.201923076923077,0.940886699507389
600,2,5,0,0.990596563553027,0.981193127106055,1,0.940886699507389
601,2,5,0,0.99715415441744,0.994308308834881,0.201923076923077,0.940886699507389
602,2,9,1,0.37801814932068,-0.24396370135864,0,0.0484988452655889
603,3,9,0.6,0.738854205611618,0.477708411223237,0,0.149253731343284
604,3,5,0,0.896671773075263,0.793343546150527,0.0625,0.888888888888889
605,2,6,0,0.911796914140308,0.823593828280617,0.163461538461538,0.951501154734411
606,2,5,0,0.989683489830792,0.979366979661584,1,0.940886699507389
607,2,5,0,0.867303123018135,0.734606246036269,1,0.940886699507389
608,2,6,0,0.97263125514834,0.94526251029668,0.971153846153846,0.951501154734411
609,2,6,0,0.977540614981314,0.955081229962627,0.163461538461538,0.951501154734411
610,2,8,0.2,0.935602390652843,0.871204781305687,0.278846153846154,0.951501154734411
611,2,6,0,0.979331119007521,0.958662238015041,0.375,0.940886699507389
612,2,5,0,0.999528965011932,0.999057930023865,1,0.940886699507389
613,2,9,0.2,0.968346290018159,0.936692580036317,0.120192307692308,0.951501154734411
614,3,6,0,0.968294525601515,0.93658905120303,0.110576923076923,0.850746268656716
615,3,5,0,0.997727623424986,0.995455246849972,0.158653846153846,0.80952380952381
616,2,10,0.6,0.42474602468887,-0.15050795062226,0.0144230769230769,0.940886699507389
617,2,5,0.2,0.889883293322509,0.779766586645018,1,0.940886699507389
618,3,10,0.4,0.626803247840534,0.253606495681067,0.0240384615384615,0.80952380952381
619,3,6,0,0.829308911065785,0.658617822131571,0.110576923076923,0.850746268656716
620,2,6,0,0.98127351246572,0.96254702493144,0.375,0.940886699507389
621,2,6,0,0.993162350519807,0.986324701039614,0.971153846153846,0.951501154734411
622,2,5,0,0.991096565514052,0.982193131028103,1,0.940886699507389
623,2,6,0,0.993754376182384,0.987508752364768,0.971153846153846,0.951501154734411
624,2,5,0,0.99856351815877,0.997127036317541,1,0.940886699507389
625,2,8,0,0.963677912143839,0.927355824287677,0.278846153846154,0.951501154734411
626,2,5,0,0.991299649895926,0.982599299791852,1,0.940886699507389
627,3,4,0,0.909614626850405,0.81922925370081,0.0528846153846154,0.923076923076923
628,3,6,1,0.203539912493247,-0.592920175013507,0,0.149253731343284
629,2,5,0,0.998489128291523,0.996978256583046,1,0.940886699507389
630,2,6,0,0.995749791130748,0.991499582261497,0.971153846153846,0.951501154734411
631,3,7,0.2,0.497489493417306,-0.00502101316538761,0.0144230769230769,0.149253731343284
632,2,6,0,0.998969821311708,0.997939642623415,0.971153846153846,0.951501154734411
633,3,5,0,0.891182460715301,0.782364921430601,0.158653846153846,0.80952380952381
634,2,6,0,0.984089769294208,0.968179538588415,0.971153846153846,0.951501154734411
635,2,5,0,0.972886949549258,0.945773899098516,0.201923076923077,0.940886699507389
636,3,4,0,0.866155823069662,0.732311646139324,0,0.0769230769230769
637,3,8,0.4,0.83322568466083,0.66645136932166,0.0192307692307692,0.850746268656716
638,2,5,0,0.990158967849174,0.980317935698347,1,0.940886699507389
639,2,6,0,0.997295210210655,0.994590420421311,0.971153846153846,0.951501154734411
640,2,5,0,0.997070113407866,0.994140226815731,1,0.940886699507389
641,2,6,0,0.994037060660229,0.988074121320457,0.971153846153846,0.951501154734411
642,2,7,0.6,0.625487371308442,0.250974742616883,0.00480769230769231,0.951501154734411
643,3,5,0,0.914561236363785,0.82912247272757,0.158653846153846,0.80952380952381
644,2,5,0,0.999839178854262,0.999678357708524,1,0.940886699507389
645,3,7,0.2,0.526634546049955,0.0532690920999099,0.0432692307692308,0.850746268656716
646,2,5,0,0.973114373585278,0.946228747170555,1,0.940886699507389
647,2,5,0,0.871927853670601,0.743855707341201,0.177884615384615,0.951501154734411
648,2,5,0,0.983475191403039,0.966950382806079,0.201923076923077,0.940886699507389
649,2,6,0,0.9897110312674,0.979422062534799,0.971153846153846,0.951501154734411
650,2,6,0,0.989937528455539,0.979875056911077,0.971153846153846,0.951501154734411
651,3,6,0.6,0.238029306795977,-0.523941386408047,0.00480769230769231,0.19047619047619
652,2,8,0,0.940179080339637,0.880358160679273,0.278846153846154,0.951501154734411
653,2,5,0,0.960879115077095,0.921758230154191,1,0.940886699507389
654,3,9,0.6,0.306957124210534,-0.386085751578932,0,0.850746268656716
655,2,9,0,0.954386909183574,0.908773818367149,0.0769230769230769,0.951501154734411
656,2,9,0,0.999676856900289,0.999353713800578,0.0769230769230769,0.951501154734411
657,2,6,0,0.982593346782067,0.965186693564135,0.971153846153846,0.951501154734411
658,2,5,0,0.998369240146064,0.996738480292128,1,0.940886699507389
659,2,11,0.2,0.765771194004957,0.531542388009913,0.0192307692307692,0.940886699507389
660,2,5,0,0.932520246758975,0.865040493517951,0.177884615384615,0.951501154734411
661,2,8,0,0.855260777316377,0.710521554632754,0.278846153846154,0.951501154734411
662,2,5,0,0.941944292603892,0.883888585207784,0.177884615384615,0.951501154734411
663,2,6,0,0.978095428151109,0.956190856302219,0.971153846153846,0.951501154734411
664,2,6,0.4,0.966374308889041,0.932748617778081,0.375,0.940886699507389
665,2,6,0,0.989799509366646,0.979599018733292,0.971153846153846,0.951501154734411
666,2,5,0,0.986247726418026,0.972495452836052,0.201923076923077,0.940886699507389
667,2,6,0.2,0.937559331549445,0.87511866309889,0.00961538461538462,0.951501154734411
668,2,5,0,0.999747758698278,0.999495517396555,1,0.940886699507389
669,2,6,0,0.986891399379501,0.973782798759003,0.971153846153846,0.951501154734411
670,2,12,0,0.65579810137089,0.31159620274178,0.0432692307692308,0.940886699507389
671,2,8,0,0.986480962625812,0.972961925251625,0.278846153846154,0.951501154734411
672,2,6,0.2,0.970791529688288,0.941583059376575,0.375,0.940886699507389
673,2,5,0,0.999973943846057,0.999947887692115,1,0.940886699507389
674,2,5,0,0.999983085046828,0.999966170093657,1,0.940886699507389
675,2,5,0,0.996897578616843,0.993795157233686,1,0.940886699507389
676,2,6,1,0.0768681655426412,-0.846263668914717,0,0.0484988452655889
677,2,5,0,0.999028809224091,0.998057618448182,1,0.940886699507389
678,3,6,0.8,0.464043950178988,-0.071912099642024,0.00961538461538462,0.19047619047619
679,2,5,0,0.963348941533437,0.926697883066874,0.201923076923077,0.940886699507389
680,3,7,0,0.99897512605249,0.997950252104979,0.0432692307692308,0.850746268656716
681,2,5,0,0.978838337638437,0.957676675276874,0.201923076923077,0.940886699507389
682,2,12,0.2,0.694556894544113,0.389113789088226,0.0432692307692308,0.940886699507389
683,2,5,0,0.997272545535622,0.994545091071244,1,0.940886699507389
684,2,9,0.2,0.993715498307051,0.987430996614102,0.0769230769230769,0.951501154734411
685,3,6,0.6,0.567615590500575,0.13523118100115,0.0192307692307692,0.80952380952381
686,2,6,0,0.991744263832215,0.98348852766443,0.971153846153846,0.951501154734411
687,2,10,0.6,0.506286825169659,0.0125736503393181,0.0144230769230769,0.940886699507389
688,2,6,0,0.995159013812565,0.99031802762513,0.971153846153846,0.951501154734411
689,2,8,0,0.962261300964888,0.924522601929777,0.278846153846154,0.951501154734411
690,2,9,0.4,0.959267345937729,0.918534691875458,0.120192307692308,0.951501154734411
691,3,6,0,0.847315747429159,0.694631494858318,0.0432692307692308,0.850746268656716
692,2,8,0.2,0.637419611897718,0.274839223795435,0.0240384615384615,0.951501154734411
693,3,6,0,0.750548787673098,0.501097575346197,0.110576923076923,0.850746268656716
694,3,6,0,0.999594008575134,0.999188017150269,0.110576923076923,0.850746268656716
695,2,6,0,0.997181080104983,0.994362160209966,0.971153846153846,0.951501154734411
696,2,5,0,0.982877311003655,0.965754622007309,1,0.940886699507389
697,3,7,0.2,0.56680135211992,0.133602704239839,0.0432692307692308,0.850746268656716
698,2,11,0.2,0.916981852765703,0.833963705531407,0.0336538461538462,0.951501154734411
699,3,5,0.2,0.876643309050074,0.753286618100149,0.0625,0.888888888888889
700,2,8,0,0.979728970463889,0.959457940927777,0.278846153846154,0.951501154734411
701,2,6,0,0.909468540036904,0.818937080073807,0.163461538461538,0.951501154734411
702,2,8,0,0.996047736208718,0.992095472417436,0.278846153846154,0.951501154734411
703,2,8,0,0.962033621729612,0.924067243459225,0.278846153846154,0.951501154734411
704,2,5,0,0.995598109156007,0.991196218312014,1,0.940886699507389
705,2,6,0.2,0.972809775827309,0.945619551654617,0.971153846153846,0.951501154734411
706,2,6,0,0.99874233375615,0.9974846675123,0.971153846153846,0.951501154734411
707,2,5,0.6,0.0465362196191322,-0.906927560761736,0.0144230769230769,0.0591133004926108
708,2,5,0,0.99863260519334,0.99726521038668,1,0.940886699507389
709,2,6,0,0.996317826077621,0.992635652155243,0.971153846153846,0.951501154734411
710,2,6,0,0.764412141760173,0.528824283520345,0.375,0.940886699507389
711,2,6,0,0.819407640384539,0.638815280769079,0.375,0.940886699507389
712,2,13,0.6,0.933776633805078,0.867553267610157,0.0144230769230769,0.940886699507389
713,2,9,1,0.016956485558969,-0.966087028882062,0,0.0484988452655889
714,2,5,0,0.993252979525481,0.986505959050961,1,0.940886699507389
715,3,5,0,0.933978384213267,0.867956768426534,0.158653846153846,0.80952380952381
716,2,8,0.4,0.566620725320612,0.133241450641225,0.0240384615384615,0.951501154734411
717,3,10,0.4,0.506176754710955,0.0123535094219104,0.0240384615384615,0.80952380952381
718,2,6,0,0.999056755858195,0.99811351171639,0.971153846153846,0.951501154734411
719,2,12,0.2,0.582068681549421,0.164137363098842,0.0432692307692308,0.940886699507389
720,2,8,0,0.988206345830807,0.976412691661613,0.278846153846154,0.951501154734411
721,2,5,0,0.996454831472022,0.992909662944044,1,0.940886699507389
722,2,6,0.2,0.632904644739583,0.265809289479167,0.163461538461538,0.951501154734411
723,2,9,0,0.995741082867647,0.991482165735294,0.120192307692308,0.951501154734411
724,2,5,0,0.988083426999658,0.976166853999315,1,0.940886699507389
725,2,5,0,0.844648909442323,0.689297818884646,0.177884615384615,0.951501154734411
726,3,4,1,0.380081664541993,-0.239836670916013,0.0528846153846154,0.923076923076923
727,2,6,0,0.998783178575728,0.997566357151456,0.971153846153846,0.951501154734411
728,3,5,0,0.984138334168597,0.968276668337195,0.158653846153846,0.80952380952381
729,2,11,0.6,0.151322531702875,-0.69735493659425,0.00961538461538462,0.0591133004926108
730,2,5,0,0.997238978733111,0.994477957466223,1,0.940886699507389
731,2,8,0,0.881491553911485,0.762983107822971,0.278846153846154,0.951501154734411
732,2,6,0,0.968444214712797,0.936888429425594,0.971153846153846,0.951501154734411
733,2,6,0,0.994850417075445,0.989700834150889,0.971153846153846,0.951501154734411
734,2,6,0,0.999971582834503,0.999943165669006,0.971153846153846,0.951501154734411
735,2,5,0,0.996052798599952,0.992105597199905,1,0.940886699507389
736,3,6,0.4,0.556011973066377,0.112023946132753,0.0432692307692308,0.850746268656716
737,2,5,0,0.99189945716175,0.9837989143235,0.0240384615384615,0.940886699507389
738,2,5,0,0.984174408543665,0.96834881708733,1,0.940886699507389
739,2,5,0.6,0.0479392112818984,-0.904121577436203,0.0144230769230769,0.0591133004926108
740,2,6,0,0.979354905728626,0.958709811457253,0.00961538461538462,0.951501154734411
741,2,8,0,0.996000487469156,0.992000974938312,0.278846153846154,0.951501154734411
742,2,5,0,0.993141667336793,0.986283334673586,1,0.940886699507389
743,2,5,0,0.881919482025088,0.763838964050176,0.177884615384615,0.951501154734411
744,2,6,0,0.999873034256965,0.99974606851393,0.971153846153846,0.951501154734411
745,2,5,0,0.99981837270895,0.9996367454179,1,0.940886699507389
746,2,8,0,0.987897642847756,0.975795285695512,0.278846153846154,0.951501154734411
747,3,6,0.2,0.905166342466198,0.810332684932395,0.110576923076923,0.850746268656716
748,2,8,0.6,0.367163493616248,-0.265673012767504,0.00961538461538462,0.0484988452655889
749,2,6,0,0.99822916255918,0.99645832511836,0.971153846153846,0.951501154734411
750,2,6,0,0.92882138183247,0.857642763664939,0.375,0.940886699507389
751,3,4,0.2,0.903722804465,0.80744560893,0.0528846153846154,0.923076923076923
752,2,10,0.6,0.55768229677532,0.115364593550641,0.0144230769230769,0.940886699507389
753,2,5,0,0.969584279569708,0.939168559139416,0.201923076923077,0.940886699507389
754,2,5,0,0.999994577055538,0.999989154111077,1,0.940886699507389
755,2,6,0,0.996532258624572,0.993064517249143,0.971153846153846,0.951501154734411
756,2,6,0,0.961945160628055,0.923890321256111,0.375,0.940886699507389
757,2,6,0,0.999773118532819,0.999546237065638,0.971153846153846,0.951501154734411
758,2,8,0,0.961377727638782,0.922755455277564,0.278846153846154,0.951501154734411
759,2,5,0,0.999553999507068,0.999107999014136,1,0.940886699507389
760,2,6,0,0.999477104561862,0.998954209123723,0.971153846153846,0.951501154734411
761,2,6,0,0.955309728102767,0.910619456205534,0.971153846153846,0.951501154734411
762,2,5,0,0.995719564195912,0.991439128391824,1,0.940886699507389
763,3,6,0,0.990530412165997,0.981060824331993,0.110576923076923,0.850746268656716
764,2,14,0.4,0.737916312817781,0.475832625635563,0.0144230769230769,0.940886699507389
765,2,6,0,0.999993478878782,0.999986957757563,0.971153846153846,0.951501154734411
766,2,6,0,0.998198097973005,0.99639619594601,0.971153846153846,0.951501154734411
767,2,5,0,0.999506061482692,0.999012122965384,1,0.940886699507389
768,2,8,0,0.97624948274243,0.952498965484861,0.278846153846154,0.951501154734411
769,2,8,0.8,0.422187836406101,-0.155624327187798,0.00961538461538462,0.0484988452655889
770,2,17,0.4,0.732613881200904,0.465227762401807,0,0.940886699507389
771,2,6,0,0.989560342447001,0.979120684894002,0.375,0.940886699507389
772,2,6,0,0.972366162415914,0.944732324831827,0.163461538461538,0.951501154734411
773,2,5,0,0.99983619519591,0.999672390391821,1,0.940886699507389
774,2,5,0,0.988585030496916,0.977170060993831,0.177884615384615,0.951501154734411
775,2,12,0.8,0.847651033707863,0.695302067415726,0,0.940886699507389
776,2,9,0,0.993456977500977,0.986913955001954,0.120192307692308,0.951501154734411
777,2,9,0,0.997095998786924,0.994191997573848,0.120192307692308,0.951501154734411
778,2,11,1,0.223512411447185,-0.55297517710563,0.00961538461538462,0.0591133004926108
779,2,5,0,0.959332157683287,0.918664315366575,0.201923076923077,0.940886699507389
780,2,9,0,0.930111353808898,0.860222707617795,0.0769230769230769,0.951501154734411
781,2,12,0,0.692579840140874,0.385159680281749,0.0432692307692308,0.940886699507389
782,3,6,0,0.753811369770528,0.507622739541057,0.110576923076923,0.850746268656716
783,2,5,0,0.997342794959671,0.994685589919342,0.177884615384615,0.951501154734411
784,2,5,0,0.999267756244235,0.998535512488471,1,0.940886699507389
785,2,6,0,0.966603181294616,0.933206362589233,0.163461538461538,0.951501154734411
786,2,11,0,0.820327548178176,0.640655096356352,0.0336538461538462,0.951501154734411
787,2,9,0,0.992361440529434,0.984722881058869,0.120192307692308,0.951501154734411
788,2,5,0,0.998647610010709,0.997295220021419,1,0.940886699507389
789,2,6,0,0.998025567200371,0.996051134400742,0.971153846153846,0.951501154734411
790,2,6,0,0.997066572148583,0.994133144297165,0.971153846153846,0.951501154734411
791,2,5,0,0.968004427007591,0.936008854015182,1,0.940886699507389
792,2,5,0,0.996210843500744,0.992421687001488,1,0.940886699507389
793,2,12,0.2,0.865330364494726,0.730660728989452,0.00480769230769231,0.951501154734411
794,2,9,0,0.972732280860044,0.945464561720088,0.120192307692308,0.951501154734411
795,2,6,0,0.935384701084823,0.870769402169646,0.375,0.940886699507389
796,2,6,0,0.979801548739994,0.959603097479987,0.971153846153846,0.951501154734411
797,2,6,0,0.999494413456578,0.998988826913155,0.971153846153846,0.951501154734411
798,2,6,0,0.996836081975415,0.99367216395083,0.971153846153846,0.951501154734411
799,2,6,0,0.988129958350093,0.976259916700187,0.971153846153846,0.951501154734411
800,2,6,0,0.999890649374095,0.99978129874819,0.971153846153846,0.951501154734411
801,2,6,0,0.999379314786574,0.998758629573148,0.971153846153846,0.951501154734411
802,3,6,0.2,0.877985909520284,0.755971819040567,0.110576923076923,0.850746268656716
803,2,7,0.2,0.859081542707254,0.718163085414508,0.0192307692307692,0.940886699507389
804,3,8,0.6,0.586685728125682,0.173371456251364,0.0192307692307692,0.850746268656716
805,2,6,0,0.997498945276428,0.994997890552856,0.971153846153846,0.951501154734411
806,2,5,0.4,0.744527535229011,0.489055070458023,0.177884615384615,0.951501154734411
807,2,5,0,0.996363294436911,0.992726588873822,1,0.940886699507389
808,2,5,0,0.987805513092233,0.975611026184465,1,0.940886699507389
809,3,6,0.2,0.957280139214115,0.914560278428229,0.110576923076923,0.850746268656716
810,2,5,0.2,0.891494774233618,0.782989548467236,1,0.940886699507389
811,2,5,0,0.967306238021079,0.934612476042157,1,0.940886699507389
812,2,5,0,0.999815485440269,0.999630970880537,1,0.940886699507389
813,2,9,0,0.991354678613645,0.98270935722729,0.0769230769230769,0.951501154734411
814,3,4,0,0.959866326276515,0.919732652553031,0.0528846153846154,0.923076923076923
815,2,6,0,0.859209279307929,0.718418558615858,0.163461538461538,0.951501154734411
816,2,9,0,0.988975939980277,0.977951879960553,0.120192307692308,0.951501154734411
817,2,9,0.2,0.624052960986376,0.248105921972752,0.0144230769230769,0.951501154734411
818,3,10,0.4,0.548195887621823,0.0963917752436467,0.0240384615384615,0.80952380952381
819,2,6,0,0.821636960725213,0.643273921450427,0.163461538461538,0.951501154734411
820,3,9,0.2,0.83171687099205,0.663433741984101,0,0.80952380952381
821,2,6,0,0.999840854100936,0.999681708201872,0.971153846153846,0.951501154734411
822,2,5,0,0.999359161295763,0.998718322591526,1,0.940886699507389
823,2,17,0.4,0.671512791456397,0.343025582912795,0.00961538461538462,0.940886699507389
824,3,5,0,0.89082120856184,0.78164241712368,0.0625,0.888888888888889
825,2,5,0,0.84239830479836,0.684796609596719,0.177884615384615,0.951501154734411
826,2,5,0,0.993976883045285,0.987953766090569,0.201923076923077,0.940886699507389
827,2,5,0,0.999958755562408,0.999917511124816,1,0.940886699507389
828,3,5,0,0.888072176482571,0.776144352965142,0.158653846153846,0.80952380952381
829,2,6,0,0.999344249776127,0.998688499552254,0.971153846153846,0.951501154734411
830,2,6,0,0.999780720397748,0.999561440795496,0.971153846153846,0.951501154734411
831,2,5,0,0.999705446733009,0.999410893466017,1,0.940886699507389
832,2,8,0,0.970084763769371,0.940169527538743,0.278846153846154,0.951501154734411
833,2,5,0,0.99301698781182,0.986033975623641,0.201923076923077,0.940886699507389
834,2,6,0,0.998685756389706,0.997371512779413,0.971153846153846,0.951501154734411
835,2,8,0,0.972616324300096,0.945232648600192,0.278846153846154,0.951501154734411
836,3,5,0,0.945129895367175,0.890259790734351,0.158653846153846,0.80952380952381
837,2,6,0,0.917301625576299,0.834603251152598,0.375,0.940886699507389
838,3,5,0.2,0.555144095303394,0.110288190606789,0.0625,0.888888888888889
839,2,6,0,0.994451965311879,0.988903930623758,0.971153846153846,0.951501154734411
840,2,5,0,0.993116819607568,0.986233639215137,1,0.940886699507389
841,2,5,0,0.980926179321437,0.961852358642875,1,0.940886699507389
842,2,5,0,0.99416543657891,0.988330873157821,1,0.940886699507389
843,3,5,0,0.912895806330346,0.825791612660693,0.158653846153846,0.80952380952381
844,3,4,0,0.923055777470864,0.846111554941728,0.0528846153846154,0.923076923076923
845,2,6,0,0.990089342521734,0.980178685043468,0.971153846153846,0.951501154734411
846,2,7,0.4,0.623815218488441,0.247630436976882,0.00961538461538462,0.0591133004926108
847,2,5,0,0.945915085389826,0.891830170779653,1,0.940886699507389
848,2,5,0,0.993951417695971,0.987902835391941,0.201923076923077,0.940886699507389
849,3,6,0.2,0.546115048269725,0.0922300965394495,0.0432692307692308,0.850746268656716
850,2,5,0,0.99892226014128,0.99784452028256,1,0.940886699507389
851,2,9,0,0.992662727481258,0.985325454962516,0.120192307692308,0.951501154734411
852,2,6,0,0.793210149714434,0.586420299428868,0.375,0.940886699507389
853,2,5,0,0.980858723283894,0.961717446567789,0.201923076923077,0.940886699507389
854,3,10,0.6,0.616268044668044,0.232536089336088,0.0240384615384615,0.80952380952381
855,3,11,0.8,0.543353634926897,0.0867072698537935,0,0.19047619047619
856,2,6,0,0.992470890358814,0.984941780717628,0.971153846153846,0.951501154734411
857,2,7,1,0.398134328925513,-0.203731342148975,0.00480769230769231,0.951501154734411
858,2,5,0,0.994387589466645,0.98877517893329,1,0.940886699507389
859,2,5,0,0.99731442870101,0.994628857402021,1,0.940886699507389
860,2,6,0,0.998654501505419,0.997309003010839,0.375,0.940886699507389
861,2,5,0,0.966674320983302,0.933348641966603,1,0.940886699507389
862,2,8,0,0.885479342582071,0.770958685164143,0.278846153846154,0.951501154734411
863,2,6,0,0.999516698686416,0.999033397372833,0.971153846153846,0.951501154734411
864,2,5,0,0.98216054459761,0.964321089195219,0.201923076923077,0.940886699507389
865,2,6,0,0.986468857269102,0.972937714538204,0.163461538461538,0.951501154734411
866,2,5,0,0.990699732815178,0.981399465630356,1,0.940886699507389
867,2,8,0,0.886879118800342,0.773758237600685,0.278846153846154,0.951501154734411
868,3,5,0.2,0.968094610109824,0.936189220219648,0.0625,0.888888888888889
869,2,8,0,0.92632579687294,0.85265159374588,0.278846153846154,0.951501154734411
870,2,8,0.6,0.432850167727665,-0.134299664544669,0.00961538461538462,0.0484988452655889
871,2,5,0.2,0.851238373125372,0.702476746250743,0.177884615384615,0.951501154734411
872,3,6,0.2,0.801347192993365,0.60269438598673,0.110576923076923,0.850746268656716
873,2,6,0,0.99929895817936,0.99859791635872,0.971153846153846,0.951501154734411
874,2,8,0,0.937869402994028,0.875738805988057,0.278846153846154,0.951501154734411
875,3,7,0.4,0.606845479527174,0.213690959054349,0.0144230769230769,0.149253731343284
876,3,6,0.2,0.93682094368719,0.87364188737438,0.110576923076923,0.850746268656716
877,2,8,0,0.981615002100597,0.963230004201194,0.278846153846154,0.951501154734411
878,2,5,0,0.994079048410345,0.98815809682069,1,0.940886699507389
879,2,7,1,0.00551552646716728,-0.988968947065665,0,0.0484988452655889
880,2,6,0.2,0.967973381809383,0.935946763618766,0.163461538461538,0.951501154734411
881,3,5,0.4,0.824835628122732,0.649671256245465,0.158653846153846,0.80952380952381
882,2,6,0,0.798561467856456,0.597122935712913,0.375,0.940886699507389
883,2,6,0,0.987972747135294,0.975945494270587,0.971153846153846,0.951501154734411
884,2,6,0,0.936858532373003,0.873717064746007,0.375,0.940886699507389
885,2,6,0,0.998953494726131,0.997906989452261,0.971153846153846,0.951501154734411
886,2,6,0,0.990621175334931,0.981242350669861,0.971153846153846,0.951501154734411
887,3,5,0,0.988173297440399,0.976346594880797,0.158653846153846,0.80952380952381
888,2,6,0,0.999516120154638,0.999032240309275,0.971153846153846,0.951501154734411
889,2,6,0,0.972243347441482,0.944486694882963,0.163461538461538,0.951501154734411
890,2,5,0,0.995936192268099,0.991872384536197,1,0.940886699507389
891,3,4,0,0.964849916687884,0.929699833375768,0.0528846153846154,0.923076923076923
892,2,7,0.6,0.510055297209988,0.0201105944199758,0,0.940886699507389
893,2,5,0,0.997365743738237,0.994731487476474,0.177884615384615,0.951501154734411
894,2,6,0,0.860658361044858,0.721316722089716,0.375,0.940886699507389
895,2,10,1,0.396814747931907,-0.206370504136187,0.0144230769230769,0.940886699507389
896,3,6,0.8,0.457439755984751,-0.0851204880304977,0.00961538461538462,0.19047619047619
897,2,6,0,0.954856669626645,0.909713339253289,0.375,0.940886699507389
898,2,5,0,0.995966304973722,0.991932609947444,1,0.940886699507389
899,3,6,0,0.819132158846037,0.638264317692073,0.110576923076923,0.850746268656716
900,2,5,0,0.911512554647118,0.823025109294235,0.177884615384615,0.951501154734411
901,2,6,0,0.999319352209554,0.998638704419108,0.971153846153846,0.951501154734411
902,2,6,0.2,0.940978936792557,0.881957873585114,0.0192307692307692,0.940886699507389
903,2,6,0.2,0.841345276769326,0.682690553538652,0.163461538461538,0.951501154734411
904,2,6,0,0.99523087570658,0.99046175141316,0.375,0.940886699507389
905,2,6,0.2,0.988800685954417,0.977601371908835,0.375,0.940886699507389
906,2,5,0,0.982290420471872,0.964580840943744,0.201923076923077,0.940886699507389
907,2,9,0,0.977505389228234,0.955010778456467,0.120192307692308,0.951501154734411
908,2,5,0,0.9977787905109,0.9955575810218,1,0.940886699507389
909,2,5,0,0.999754049743546,0.999508099487092,1,0.940886699507389
910,2,11,0.2,0.543838885375685,0.0876777707513693,0.00480769230769231,0.0591133004926108
911,3,6,0.2,0.577642408343729,0.155284816687459,0.0432692307692308,0.850746268656716
912,2,17,0.4,0.768131088048605,0.536262176097209,0.00961538461538462,0.940886699507389
913,2,6,0,0.996029929044765,0.99205985808953,0.971153846153846,0.951501154734411
914,2,6,0,0.976961081807015,0.953922163614031,0.375,0.940886699507389
915,2,8,0,0.976910560750344,0.953821121500687,0.278846153846154,0.951501154734411
916,3,6,0.2,0.925955450760205,0.85191090152041,0.110576923076923,0.850746268656716
917,3,6,0.8,0.251006738391159,-0.497986523217682,0.0192307692307692,0.80952380952381
918,2,6,0,0.999079421267065,0.99815884253413,0.971153846153846,0.951501154734411
919,2,6,0,0.999094856886218,0.998189713772435,0.971153846153846,0.951501154734411
920,3,6,0,0.986775151329498,0.973550302658996,0.110576923076923,0.850746268656716
921,3,8,0,0.94844359102139,0.89688718204278,0.0192307692307692,0.850746268656716
922,3,6,0,0.986896161560156,0.973792323120312,0.110576923076923,0.850746268656716
923,2,5,0,0.984537444391465,0.969074888782931,1,0.940886699507389
924,3,5,0.2,0.713325799095961,0.426651598191923,0.158653846153846,0.80952380952381
925,2,6,0,0.992989235279519,0.985978470559038,0.971153846153846,0.951501154734411
926,2,6,0,0.999290062147005,0.99858012429401,0.971153846153846,0.951501154734411
927,2,5,0,0.999989576605735,0.999979153211469,1,0.940886699507389
928,2,6,0,0.999678529621976,0.999357059243953,0.971153846153846,0.951501154734411
929,2,5,0,0.999093608564522,0.998187217129045,1,0.940886699507389
930,2,6,0,0.990619399894987,0.981238799789974,0.971153846153846,0.951501154734411
931,3,10,0.4,0.609500190109438,0.219000380218876,0.0240384615384615,0.80952380952381
932,2,6,0,0.999032597464566,0.998065194929132,0.971153846153846,0.951501154734411
933,2,5,0,0.999714400905565,0.99942880181113,1,0.940886699507389
934,2,5,0,0.99985445094349,0.999708901886979,1,0.940886699507389
935,2,12,1,0.0972768048610712,-0.805446390277858,0,0.0484988452655889
936,2,6,0,0.999636440078363,0.999272880156725,0.971153846153846,0.951501154734411
937,2,6,0,0.893658480953067,0.787316961906134,0.0192307692307692,0.940886699507389
938,2,5,0,0.999653721368686,0.999307442737372,1,0.940886699507389
939,2,6,0,0.997473503806534,0.994947007613067,0.971153846153846,0.951501154734411
940,2,6,0,0.968317248067519,0.936634496135038,0.375,0.940886699507389
941,2,8,0,0.896202330077267,0.792404660154534,0.278846153846154,0.951501154734411
942,2,11,0.4,0.875046196257289,0.750092392514578,0.0192307692307692,0.940886699507389
943,2,6,0.2,0.813754947316945,0.627509894633891,0.163461538461538,0.951501154734411
944,2,5,0,0.999496716562355,0.99899343312471,1,0.940886699507389
945,2,6,0,0.984286976278947,0.968573952557895,0.375,0.940886699507389
946,3,7,0.2,0.564028725961945,0.128057451923889,0.0432692307692308,0.850746268656716
947,2,6,0,0.995090248358671,0.990180496717343,0.971153846153846,0.951501154734411
948,2,6,0,0.903711212675683,0.807422425351365,0.163461538461538,0.951501154734411
949,2,5,0,0.955941610618962,0.911883221237924,0.201923076923077,0.940886699507389
950,2,6,0,0.986517657228189,0.973035314456379,0.971153846153846,0.951501154734411
951,3,5,0.2,0.981659420127766,0.963318840255533,0.0625,0.888888888888889
952,2,5,0,0.99438511560692,0.988770231213841,1,0.940886699507389
953,3,9,0.2,0.809633785840337,0.619267571680675,0,0.850746268656716
954,3,6,0.6,0.574692994792761,0.149385989585522,0.0192307692307692,0.80952380952381
955,2,11,0.4,0.846285178759394,0.692570357518788,0.0192307692307692,0.940886699507389
956,2,6,0,0.970508433857832,0.941016867715664,0.375,0.940886699507389
957,3,5,0.2,0.642470861355812,0.284941722711625,0.158653846153846,0.80952380952381
958,2,6,0,0.970883285811818,0.941766571623636,0.163461538461538,0.951501154734411
959,2,6,0,0.980013278757214,0.960026557514427,0.375,0.940886699507389
960,3,5,0,0.954846173535077,0.909692347070154,0.158653846153846,0.80952380952381
961,2,6,0,0.991733495174182,0.983466990348364,0.971153846153846,0.951501154734411
962,2,5,0,0.996348855655796,0.992697711311592,1,0.940886699507389
963,2,5,0,0.997564061557248,0.995128123114497,1,0.940886699507389
964,2,6,0,0.744701348329087,0.489402696658175,0.375,0.940886699507389
965,2,5,0,0.922986493552007,0.845972987104014,0.177884615384615,0.951501154734411
966,3,5,0,0.992143152952712,0.984286305905424,0.158653846153846,0.80952380952381
967,2,6,0,0.996247803170121,0.992495606340242,0.971153846153846,0.951501154734411
968,2,5,0.2,0.84606852880027,0.692137057600541,0.177884615384615,0.951501154734411
969,2,11,0.2,0.790094267545156,0.580188535090311,0.00480769230769231,0.951501154734411
970,2,6,0,0.992594572000857,0.985189144001715,0.971153846153846,0.951501154734411
971,2,5,0,0.992883830658351,0.985767661316702,1,0.940886699507389
972,3,6,0,0.982532088597126,0.965064177194252,0.110576923076923,0.850746268656716
973,2,11,0.4,0.945788656599691,0.891577313199382,0.0336538461538462,0.951501154734411
974,2,6,0,0.998032285985448,0.996064571970896,0.971153846153846,0.951501154734411
975,2,12,0.6,0.473012537061038,-0.0539749258779241,0.0432692307692308,0.940886699507389
976,2,9,0,0.998095164144273,0.996190328288546,0.0769230769230769,0.951501154734411
977,2,5,0,0.963425560157324,0.926851120314647,1,0.940886699507389
978,2,6,0.2,0.823566042031143,0.647132084062285,0.163461538461538,0.951501154734411
979,2,5,0,0.991478159644254,0.982956319288507,1,0.940886699507389
980,2,6,0,0.984488447692378,0.968976895384757,0.971153846153846,0.951501154734411
981,2,9,0,0.991848011287127,0.983696022574254,0.120192307692308,0.951501154734411
982,3,6,0,0.997431818877788,0.994863637755576,0.110576923076923,0.850746268656716
983,2,5,0.2,0.934315694706211,0.868631389412422,0.201923076923077,0.940886699507389
984,2,5,0,0.986244773374152,0.972489546748304,1,0.940886699507389
985,3,4,0,0.835205180954204,0.670410361908409,0.0528846153846154,0.923076923076923
986,2,6,0,0.898615223467359,0.797230446934717,0.375,0.940886699507389
987,2,8,0.2,0.9817025041697,0.963405008339399,0.278846153846154,0.951501154734411
988,2,6,0,0.930248274826607,0.860496549653214,0.375,0.940886699507389
989,2,6,0,0.999112545996844,0.998225091993689,0.971153846153846,0.951501154734411
990,2,13,0.4,0.915884761317013,0.831769522634027,0.0144230769230769,0.940886699507389
991,2,5,0,0.983254750601015,0.966509501202031,0.201923076923077,0.940886699507389
992,2,8,0,0.935162630824441,0.870325261648882,0.278846153846154,0.951501154734411
993,2,5,0,0.995156132691839,0.990312265383678,1,0.940886699507389
994,2,6,0,0.997414094841128,0.994828189682256,0.163461538461538,0.951501154734411
995,2,5,0,0.990106383137194,0.980212766274388,0.177884615384615,0.951501154734411
996,2,5,0,0.982371084563366,0.964742169126732,1,0.940886699507389
997,2,5,0,0.999527137983957,0.999054275967914,1,0.940886699507389
998,2,13,0.4,0.921618791919064,0.843237583838128,0.0144230769230769,0.940886699507389
999,2,6,0,0.968964700260975,0.937929400521951,0.375,0.940886699507389
1000,2,5,0,0.930737456829343,0.861474913658686,1,0.940886699507389
